Name,Hours_watched,Peak_viewers,Peak_channels,Streamers,Avg_viewers,Avg_channels,Avg_viewer_ratio,NA_Sales,Global_Sales
7 Days to Die,53420415,734970,14165,461557,72976,6495,745.2699999999998,0.07,0.19
APB Reloaded,277614,17386,37,1073,399,15,25.83,0.02,0.04
Alien: Isolation,6969074,266707,1980,71724,9490,446,426.9,0.8300000000000001,2.39
Animal Crossing: New Leaf,117314,13805,16,160,163,1,83.86,2.03,9.16
Ape Escape,466182,301396,19,118,626,0,1655.03,0.71,1.67
Assassin's Creed II,341584,33045,22,613,459,4,112.03,5.66,11.36
Banjo-Kazooie,1133254,426619,90,2391,1545,15,366.07,1.87,3.6599999999999997
Banjo-Tooie,272135,104527,11,131,378,1,300.37,0.82,1.49
Barbie Horse Adventures: Wild Horse Rescue,687036,4377,33,384,924,8,106.24,0.29,0.55
Batman: Arkham City,325415,166963,14,252,437,1,330.37,6.0200000000000005,11.1
Battleborn,1898114,51128,1002,24108,2587,154,52.71,0.26,0.49000000000000005
Battlefield 1,35499929,783057,12980,754075,48502,4656,473.1199999999999,2.4899999999999998,6.71
Battlefield 4,9799137,782032,3968,311342,13472,1847,99.13,6.44,13.93
Battlefield: Bad Company 2,125333,28282,12,388,174,1,115.94,3.62,7.14
Bayonetta,396836,24966,71,1909,551,12,42.82,0.95,2.14
Berserk and the Band of the Hawk,332183,54969,137,1987,475,16,58.43,0.0,0.06
Beyond: Two Souls,496277,35283,14,953,667,2,566.5699999999999,0.52,1.63
BioShock,565996,153772,50,2638,760,12,110.48,2.4099999999999997,4.66
Blast Corps,178810,96318,18,25,240,0,4257.38,0.39,0.71
Bloodborne,49386718,1557677,8246,448861,67653,4000,1099.4900000000002,1.03,2.48
Borderlands,1772278,30059,834,12746,2464,112,21.89,3.6099999999999994,5.709999999999999
Borderlands 2,22916786,840161,6004,277606,31515,2132,603.1799999999998,3.6799999999999997,6.849999999999999
Borderlands: The Handsome Collection,128713,6191,52,2145,179,13,12.89,0.64,1.31
Borderlands: The Pre-Sequel,287491,105766,19,878,399,4,83.33,0.83,1.62
Brothers: A Tale of Two Sons,257742,165519,19,292,346,0,366.63,0.06,0.18000000000000002
Bully: Scholarship Edition,572160,37151,20,513,769,2,553.95,0.7000000000000001,1.59
Call of Duty 2,186611,34914,10,224,259,1,207.81,1.82,2.09
Call of Duty 4: Modern Warfare,795459,63398,329,7210,1085,34,93.28,9.989999999999998,18.19
Call of Duty: Black Ops,668363,47947,283,8256,904,51,52.67,17.57,30.82
Call of Duty: Black Ops II,5280675,192279,1511,73614,7220,581,174.92000000000002,14.08,29.400000000000002
Call of Duty: Ghosts,3537385,108642,568,22672,4828,150,147.01,14.94,27.4
Call of Duty: Infinite Warfare,26271534,522793,6644,342635,36151,2140,230.02000000000004,3.1100000000000003,7.02
Call of Duty: Modern Warfare 2,1729090,124993,832,27729,2340,105,179.90999999999997,13.52,24.95
Call of Duty: Modern Warfare 3,104351,8633,22,1168,140,5,25.8,15.54,30.59
Castlevania,174502,97143,9,143,234,0,268.46,0.98,1.87
Castlevania: Symphony of the Night,213140,155016,15,203,286,1,211.03,0.58,1.27
Catherine,961534,46938,72,2171,1318,14,424.28999999999996,0.5,1.01
Chess,206270597,3010962,4990,175190,284342,2012,6192.789999999997,0.05,0.09
Chrono Trigger,1552520,311385,48,1025,2134,8,621.03,0.89,3.6500000000000004
Cities: Skylines,10459687,389784,1746,83391,14325,604,780.0600000000002,0.0,0.14
Company of Heroes 2,1433728,20380,225,6375,1966,75,221.08999999999997,0.06,0.34
Condemned: Criminal Origins,156162,9644,8,190,210,0,215.99,0.36,0.41
Crash Bandicoot,399886,159957,29,172,538,0,798.18,3.23,6.82
Crash Bandicoot 2: Cortex Strikes Back,217916,158305,19,198,293,1,284.49,3.78,7.58
DC Universe Online,403808,3728,218,10566,550,70,15.57,0.51,0.74
Danganronpa 2: Goodbye Despair,1819085,63394,86,1585,2506,21,606.08,0.08,0.36
Danganronpa: Trigger Happy Havoc,1500996,33430,64,1398,2116,15,436.2,0.09,0.5700000000000001
Dark Souls,75508295,1585051,8676,343676,103447,3788,1717.23,1.3900000000000001,3.0799999999999996
Dark Souls II,11113816,349882,1175,39598,15363,464,1259.6300000000003,1.31,3.01
Dark Souls III,143850003,2497921,23029,1067154,197253,10428,1208.9800000000002,0.91,2.11
Darksiders II,242099,120528,11,502,325,1,321.94,1.03,2.21
Dead Rising,377407,21708,104,2399,516,15,77.56,1.19,2.13
Dead Rising 2,247695,14784,13,508,333,2,124.6,1.3,3.04
Dead Space,659708,38353,113,3335,898,20,135.99,1.94,3.9899999999999998
Dead Space 2,988987,34035,51,1958,1362,12,312.11,1.7999999999999998,3.2499999999999996
Dead Space 3,185704,9982,30,526,249,3,71.95,1.1,2.13
Demon's Souls,33020799,568304,1953,51100,45716,644,1356.1600000000003,0.97,1.82
Destiny,121080325,1294713,53148,1230872,166122,20231,180.11000000000004,6.620000000000001,12.55
Destroy All Humans!,1103461,91539,642,5565,1485,32,46.03,1.12,1.4
Deus Ex,537143,107880,20,188,722,0,912.38,0.0,0.01
Deus Ex: Mankind Divided,2635172,94213,786,9585,3552,53,99.62,0.2,0.5800000000000001
Devil May Cry,300716,149625,7,57,404,0,1354.58,1.36,2.99
Devil May Cry HD Collection,236415,16176,71,2526,318,11,28.5,0.7,1.25
DiRT Rally,112223,3344,148,4291,156,31,4.96,0.08,0.52
Diablo,521284,184097,19,334,713,3,392.95,0.3,2.17
Diablo II,6316804,71065,792,10404,8680,260,159.09,0.01,0.13
Diablo II: Lord of Destruction,29505631,1175900,3119,53103,40433,985,2152.81,1.03,1.06
Diablo III,89724215,1110998,34518,646628,122972,7329,983.9299999999998,4.930000000000001,10.94
Digimon World: Next Order,153421,1587,104,1712,228,23,9.93,0.0,0.1
Dishonored,938877,181575,148,7565,1301,36,171.67000000000002,2.25,4.29
Dishonored 2,2540883,101824,456,9568,3524,92,58.36,0.37999999999999995,0.98
Divinity: Original Sin,763260,28252,61,2338,1055,16,181.51,0.14,0.37000000000000005
Donkey Kong 64,1079052,283277,36,459,1451,4,913.62,3.33,5.27
Donkey Kong Country,572695,310520,29,693,770,2,547.24,6.6000000000000005,13.530000000000001
Donkey Kong Country 2: Diddy's Kong Quest,316101,181740,28,218,425,1,318.33,2.1,5.15
Donkey Kong Country 3: Dixie Kong's Double Trouble!,420597,144511,8,133,566,1,566.08,1.17,3.51
Donkey Kong Country: Tropical Freeze,1088106,231681,104,1755,1462,10,1283.34,0.7,1.52
Dragon Ball: Xenoverse 2,1283079,42359,456,17040,1744,66,79.15,0.35,0.9099999999999999
Duke Nukem Forever,180847,18349,7,45,243,0,967.1,1.03,1.9999999999999998
Dying Light,7284264,474730,2141,133774,10079,787,252.22,1.94,3.58
EA Sports UFC 2,3851161,155275,660,39355,5238,221,114.65,0.53,1.34
EVE Online,12134752,202522,1359,32450,16621,521,1122.99,0.0,0.2
EarthBound,726111,159596,20,304,977,3,269.23,0.0,0.81
Euro Truck Simulator 2,43137051,1071999,17895,556028,59098,6072,632.0000000000002,0.0,0.13
Evolve,2702696,60126,385,19521,3640,119,64.14,0.8099999999999999,1.79
F-Zero GX,313739,161002,9,45,422,0,2470.39,0.41,0.65
FIFA 16,32104475,478485,4604,309353,43917,1822,204.20999999999998,3.0500000000000003,16.3
FIFA 17,79984828,852495,7677,319612,110041,2483,918.4499999999999,1.2100000000000002,11.47
Fallout 3,538379,18379,56,2948,748,22,80.22,5.569999999999999,9.85
Fallout 4,25251775,482514,10244,576865,34459,4636,303.93,5.549999999999999,12.669999999999998
Fallout: New Vegas,3640343,307402,454,24174,5008,184,327.9,4.77,8.33
Far Cry 4,154461,4862,64,5271,222,28,7.71,2.87,8.49
Far Cry: Primal,3041063,109870,651,35593,4280,108,157.4,1.1099999999999999,3.3
Farming Simulator 17,6615157,270375,2696,66108,9076,897,181.49000000000004,0.12,1.1800000000000002
Fate/Extella: The Umbral Star,163414,6117,17,30,219,2,103.43,0.0,0.2
Final Fantasy,675710,164287,13,223,909,2,371.07,0.32,1.35
Final Fantasy IV,1473352,500793,87,952,1989,9,981.37,0.51,1.52
Final Fantasy IX,2219697,169452,240,5426,3000,61,312.03,1.62,5.3
Final Fantasy Tactics: The War of the Lions,135959,5171,3,28,182,0,531.09,0.45,1.16
Final Fantasy V,282718,6172,124,1055,392,18,41.120000000000005,0.0,2.62
Final Fantasy VI,1382105,293806,35,648,1859,5,576.4,0.0,0.08
Final Fantasy VII,14600860,517866,1609,58270,19963,624,1269.64,3.01,9.72
Final Fantasy VIII,1621011,154537,340,3824,2205,50,225.74,2.28,7.86
Final Fantasy X/X-2 HD Remaster,1232500,44246,308,9816,1696,109,66.96000000000001,0.29,0.74
Final Fantasy XI,1453314,167459,125,1615,1983,44,135.97,0.25,0.51
Final Fantasy XII,165497,1754,10,142,238,2,85.22,1.88,5.95
Final Fantasy XIV: Heavensward,7573579,188276,3758,102483,10404,1034,169.51000000000002,0.02,0.16999999999999998
Fire Emblem: Path of Radiance,235555,122456,10,65,317,0,456.5,0.29,0.54
Fire Emblem: The Sacred Stones,234106,132578,11,134,315,1,308.03,0.42,0.89
Football Manager 2017,3649016,46164,289,5595,4996,84,626.9200000000001,0.0,0.09
Forza Horizon 3,1703906,118359,1127,35680,2330,228,50.239999999999995,0.42,1.08
Forza Motorsport 6,210515,10182,41,3328,292,17,17.21,0.73,1.8
Game & Wario,123435,23152,4,17,171,0,2870.58,0.05,0.23
Gears of War 4,18587819,684052,5567,198260,25473,1756,525.7199999999999,0.78,1.35
Gears of War: Ultimate Edition,1506923,50281,469,24682,2054,172,79.28,2.61,3.28
Ghostbusters,165845,75182,11,228,223,0,247.53,0.42,0.45
Goat Simulator,95776,1656,154,7582,133,15,8.68,0.0,0.01
God of War,36242577,631965,9044,239847,49852,2343,346.31,2.71,4.45
God of War Collection,669425,27313,14,154,900,1,1257.6,1.78,2.8000000000000003
God of War II,536207,24521,20,314,745,3,219.22,2.32,4.07
God of War III,1841625,64593,87,4861,2540,13,439.22,2.9800000000000004,5.45
Grand Theft Auto III,216252,142392,22,222,291,1,193.43,6.99,13.11
Grand Theft Auto IV,1291159,60280,47,2075,1736,11,392.67,11.53,22.389999999999997
Grand Theft Auto V,2767974487,11609130,143185,5661506,3799513,68610,2834.32,23.84,56.57000000000001
Grand Theft Auto: San Andreas,18318913,515550,2382,135814,25061,935,1169.88,10.77,23.839999999999996
Grand Theft Auto: Vice City,625660,346984,36,1187,841,7,247.51,8.41,16.189999999999998
Guild Wars 2,30417183,384003,7119,188281,41574,2772,912.92,0.96,2.31
Guitar Hero III: Legends of Rock,1223821,31783,211,12043,1668,74,144.27,11.14,16.37
Half-Life 2,983990,318650,81,3965,1323,22,229.17000000000002,2.65,2.98
Halo 2,349319,189722,12,142,470,1,453.66,6.83,8.58
Halo 4,302218,135671,13,71,406,0,531.14,6.65,9.71
Halo 5: Guardians,25905470,836699,5386,244014,35550,2149,513.6099999999999,2.78,4.48
Halo: Combat Evolved,254726,160097,12,192,342,1,286.53,5.0,6.47
Halo: Reach,552985,18709,1026,12778,744,62,11.84,7.04,9.86
Halo: The Master Chief Collection,26005500,750744,12938,337118,35500,3313,316.39000000000004,1.91,3.23
Hearts of Iron IV,10381732,272846,1282,34379,14299,349,917.0999999999999,0.0,0.05
Heavy Rain,1348594,76106,40,2658,1820,4,841.98,1.29,3.03
Hexen: Beyond Heretic,172767,104627,5,22,232,0,1745.12,0.06,0.11
Hitman: Absolution,206686,35817,15,478,297,2,136.7,1.3,4.11
Hitman: Blood Money,93954,19504,8,260,126,1,109.25,0.65,1.06
Homefront: The Revolution,339243,44004,58,2381,456,7,62.46,0.13,0.53
Illusion of Gaia,201674,93073,8,41,271,0,1023.73,0.0,0.13
Jak and Daxter: The Precursor Legacy,170642,93955,8,83,229,0,250.58,2.08,3.64
Just Cause 3,216181,13047,146,11824,290,51,5.67,0.94,2.9000000000000004
Just Dance 2017,610725,71381,32,1217,853,4,583.24,0.16999999999999998,0.42999999999999994
Katamari Damacy,349076,25930,50,1418,469,5,85.47,0.47,0.73
Killer Instinct,2256196,152128,381,19771,3078,90,308.78999999999996,2.26,3.2
Kingdom Hearts II,477399,148031,18,336,642,2,269.56,2.72,5.5600000000000005
Kingdoms of Amalur: Reckoning,1226682,61471,266,3114,1706,36,46.3,1.06,2.02
Kirby 64: The Crystal Shards,315368,158893,16,58,424,0,1508.94,0.63,1.77
Kirby Super Star,269659,157590,17,99,362,0,719.09,0.26,1.44
Kirby's Dream Land 3,343155,159503,15,42,461,0,4289.44,0.0,0.36
Kirby: Nightmare in Dream Land,235038,97477,6,36,316,0,1382.58,1.22,2.27
Kirby: Planet Robobot,249013,145781,11,22,335,0,3716.61,0.28,0.93
L.A. Noire,1721275,90954,104,3739,2351,26,449.52,2.79,5.87
LEGO Star Wars: The Complete Saga,295265,30871,20,894,397,3,108.0,8.950000000000001,15.259999999999998
LEGO The Lord of the Rings,143126,20249,5,41,192,0,726.53,1.85,4.2
Left 4 Dead,265959,140433,18,405,357,1,232.69,2.66,3.53
Left 4 Dead 2,9426656,782290,3061,168131,12860,873,375.8399999999999,2.67,4.33
Life is Strange,4015401,209353,653,46536,5478,218,327.21999999999997,0.25,0.5700000000000001
LittleBigPlanet 2,240281,121102,8,19,323,0,3291.52,1.83,3.39
Luigi's Mansion,222538,146962,13,284,299,2,112.51,2.38,3.6
MLB 15: The Show,116479,10762,14,1130,156,2,77.81,1.0,1.32
Madden NFL 16,5077143,61237,3517,162995,6980,1308,39.32,5.84,7.41
Madden NFL 17,9043448,154434,7461,241881,12412,2285,68.29,2.54,3.27
Mafia,414213,17509,18,276,575,1,486.99,0.51,0.97
Mafia II,2236904,98299,351,6759,3032,49,381.07,1.52,3.44
Mafia III,2969888,84739,1500,30476,4002,209,26.849999999999998,0.7799999999999999,2.62
Mario & Luigi: Superstar Saga,650764,269082,21,132,875,0,2238.6099999999997,1.48,2.17
Mario Kart 64,173981,186466,21,220,234,0,287.57,5.55,9.87
Mario Kart 8,58171517,2820353,5417,231775,79829,1468,2750.0400000000004,3.15,7.09
Mario Kart DS,342745,183673,12,38,461,0,2954.7,9.71,23.21
Mario Party 10,536875,63114,13,113,732,0,3659.21,0.69,1.58
Mass Effect,1958262,183936,299,10793,2713,98,243.34000000000003,1.83,3.58
Mass Effect 2,1644708,64498,234,7831,2324,87,110.63999999999999,2.78,4.9399999999999995
Mass Effect 3,1517306,48125,248,6027,2100,74,221.39000000000001,3.11,5.699999999999999
Max Payne 3,1184524,22400,15,484,1594,3,472.11,1.6099999999999999,3.9000000000000004
MediEvil,303729,8934,209,2328,408,15,27.08,0.46,0.83
Mega Man,640307,204984,31,568,902,2,819.94,0.45,0.81
Mega Man 2,208756,150406,121,319,280,2,113.39,0.93,1.51
Mega Man Legends,247070,125626,11,39,332,0,1280.16,0.39,0.83
Mega Man Network Transmission,231158,170125,10,19,311,0,5927.13,0.13,0.17
Mega Man X,982819,380935,120,2765,1325,19,466.93,0.57,1.16
Mega Man X2,362197,124873,13,181,493,0,646.3,0.09,0.56
Mega Man ZX Advent,217249,109596,7,20,292,0,2497.11,0.22,0.33
Mega Man Zero 2,233488,118307,9,15,314,0,5694.83,0.18,0.43
Mega Man Zero 3,248092,144947,9,23,333,0,3398.52,0.16,0.22
Metal Gear Solid,379603,152269,17,400,510,3,328.61,3.18,6.1000000000000005
Metal Gear Solid 2: Sons of Liberty,804174,181962,20,227,1086,1,1146.7800000000002,2.45,6.05
Metal Gear Solid 3: Snake Eater,470695,148678,16,202,633,1,630.89,1.46,4.23
Metal Gear Solid 4: Guns of the Patriots,138873,2418,4,24,186,0,427.3,2.63,5.99
Metal Gear Solid V: The Phantom Pain,2110733,33706,878,58161,2892,405,84.35,1.8399999999999999,5.06
Metal Gear Solid: Peace Walker,96201,1490,5,25,129,0,308.34,0.46,2.06
Metro 2033,568011,29045,91,4919,830,28,58.39,0.22,0.78
Metro: Last Light,1297298,90295,145,4588,1877,29,424.14,0.74,1.9300000000000002
Metroid Fusion,531435,305627,36,289,715,0,901.06,1.18,1.68
Metroid Prime,769667,420251,49,534,1034,4,607.2800000000001,1.96,2.82
Metroid Prime 2: Echoes,297191,152037,12,58,399,0,697.63,0.87,1.33
Metroid Prime 3: Corruption,477206,135785,13,24,642,0,3508.87,0.89,1.79
Microsoft Flight Simulator,11575542,316495,1951,43060,15671,561,153.96,3.22,5.12
Microsoft Flight Simulator X,6495751,85224,1836,34745,8900,653,412.91,0.02,0.43
Mighty No. 9,526752,184710,243,2618,718,13,646.68,0.08,0.1
Mike Tyson's Punch-Out!!,197881,168929,30,105,266,0,644.56,2.03,3.02
Minecraft,1376338454,12427868,157790,8318936,1890333,80810,1379.2699999999998,11.28,24.159999999999997
Mirror's Edge,434367,354208,48,829,583,3,386.68,0.8200000000000001,2.35
Mirror's Edge Catalyst,569834,60079,197,6043,792,16,90.21000000000001,0.21000000000000002,0.5700000000000001
Monopoly,479304,66436,18,663,660,1,1099.98,4.65,7.63
Monster Rancher 2,316595,19189,4,21,426,0,1702.12,0.19,1.05
Mortal Kombat X,7206108,325718,1211,94234,9841,466,339.3299999999999,2.54,4.21
Mount & Blade: Warband,5892353,118257,273,12446,8035,97,788.72,0.01,0.02
NBA 2K15,797060,9471,173,10898,1077,60,54.27,5.06,7.14
NBA 2K16,26743859,211059,6447,362676,36580,2682,141.74999999999997,5.710000000000001,8.0
NBA 2K17,26928096,280574,10809,360377,37039,2941,156.51,2.26,3.1599999999999997
NCAA Football 14,1768152,215725,50,515,2432,11,396.15999999999997,1.76,1.9300000000000002
NHL 16,814733,16967,560,27977,1118,148,38.73,0.74,1.1199999999999999
NHL 17,403621,9137,154,8261,548,34,46.2,0.39,0.5700000000000001
Naruto Shippuden: Ultimate Ninja Storm 4,1536568,58518,459,28383,2210,88,57.58,0.62,1.44
New Super Mario Bros.,170686,117935,7,30,229,0,2338.16,11.28,29.8
New Super Mario Bros. U,512874,23701,92,1600,690,10,68.09,2.3,5.22
Ninja Gaiden Black,489322,160935,22,290,669,1,714.26,0.07,0.09
No Man's Sky,27177556,575396,9250,181679,36726,1575,220.39000000000001,0.63,1.7
Onimusha: Warlords,626683,142372,154,1909,842,11,1702.56,0.99,2.7
Overlord II,203475,17774,9,40,282,0,1218.41,0.26,0.67
Overwatch,1254158601,8813361,150785,6677393,1720701,71950,1635.7800000000002,1.69,3.7300000000000004
Paper Mario,758937,253284,58,514,1036,3,497.24,0.58,1.38
Paper Mario: Color Splash,183224,2876,61,623,246,8,30.36,0.2,0.42
Paper Mario: The Thousand-Year Door,963504,225513,43,847,1318,7,496.75,1.48,2.25
Paragon,17021408,251750,5298,165698,23214,2198,240.88000000000002,0.02,0.02
Persona 5,8476208,129505,1192,28248,11729,363,401.59999999999997,0.0,0.48
Phantasy Star Online 2,2528833,65764,1885,20263,3485,295,35.27,0.0,0.16
Phoenix Wright: Ace Attorney Trilogy,281404,13806,22,431,391,3,105.59,0.0,0.02
Pikmin,261626,104767,8,70,352,0,854.99,0.78,1.63
Pillars of Eternity,947593,27540,56,1627,1305,17,177.67000000000002,0.0,0.02
Pinball,188826,21566,14,121,254,1,203.92,0.8,1.85
Portal 2,2701115,618821,429,31422,3688,127,263.52,2.57,4.54
Power Rangers Samurai,142037,16736,6,50,191,0,807.03,0.53,0.64
Prey,4484828,191862,997,25618,6072,195,211.63,0.27,0.35
Prince of Persia: The Sands of Time,220699,142096,18,77,297,0,668.78,1.81,3.63
Prison Architect,284210,12035,30,1297,381,7,101.75999999999999,0.02,0.04
Pro Evolution Soccer 2016,126612,8362,34,1694,170,10,16.68,0.3,1.4400000000000002
Pro Evolution Soccer 2017,161557,13572,78,1888,224,14,15.61,0.05,0.6900000000000002
Professor Layton and the Curious Village,229312,6877,6,92,308,0,369.86,1.21,5.19
Punch-Out!!,359211,155210,14,95,499,0,1984.59,0.0,0.27
Puyo Puyo Tetris,740894,34870,63,2644,1019,17,166.38,0.0,0.22
Puzzle & Dragons,1420307,32067,173,2914,1962,42,425.1799999999999,0.0,1.51
Quantum Break,1235417,63330,433,6411,1718,42,40.9,0.3,0.5800000000000001
RPG Maker,550284,20453,47,833,763,4,541.27,0.11,0.5
Ratchet & Clank,780678,28323,117,8850,1085,14,75.79,1.44,3.33
Rayman,262525,110789,13,46,353,0,1177.24,1.54,3.03
Rayman Legends,282655,166452,26,666,380,1,256.73,0.9400000000000001,3.16
ReCore,312280,27537,203,3758,434,21,20.62,0.08,0.15
Red Dead Redemption,1632888,66781,320,10993,2212,60,156.97,6.49,12.81
Resident Evil,3306360,276915,412,23549,4521,99,473.59,2.05,5.34
Resident Evil 2,40037278,942704,12613,322817,55404,2681,639.18,2.31,6.44
Resident Evil 3: Nemesis,448119,19191,35,1045,602,7,153.47,1.36,3.8000000000000003
Resident Evil 4,4758980,471840,1270,46066,6438,343,293.95,4.380000000000001,7.56
Resident Evil 5,995724,49227,107,9213,1399,34,164.09,4.08,8.66
Resident Evil 6,416217,10703,35,2474,560,15,36.71,2.1,5.22
Resident Evil Zero,708476,45198,392,5796,958,36,220.64999999999998,0.7000000000000001,1.7600000000000002
Resident Evil: Revelations 2,279827,11689,17,2793,376,5,66.59,0.3,1.11
Rise of the Tomb Raider,1772132,180972,971,26293,2455,167,73.72,0.96,2.76
Rock Band 4,760012,33351,274,8424,1035,82,60.67999999999999,0.64,0.85
Rocket League,438347751,6306138,69150,5195474,601852,33786,1182.03,0.09,0.6699999999999999
Rocket: Robot on Wheels,213639,160445,9,15,287,0,4644.33,0.1,0.12
RollerCoaster Tycoon 2,117444,21679,7,158,163,0,206.77,1.19,1.25
RollerCoaster Tycoon World,172269,10836,40,614,239,3,60.15,0.0,0.02
S.T.A.L.K.E.R.: Call of Pripyat,467454,22310,34,1031,628,6,172.18,0.0,0.06
S.T.A.L.K.E.R.: Clear Sky,255110,16143,12,248,343,2,169.17,0.0,0.04
Secret of Mana,698324,120711,429,4020,1001,37,537.9,0.25,1.83
Shadow of the Colossus,3213137,83959,527,10546,4767,66,254.72000000000003,0.78,1.18
Shenmue,354935,25645,133,2089,477,13,34.14,0.52,1.18
Sherlock Holmes: The Devil's Daughter,236328,29358,30,386,328,3,100.74,0.01,0.02
Shovel Knight,255376,191303,16,680,343,3,106.85,0.16,0.32
Sid Meier's Civilization V,8548653,230641,1000,44573,11706,343,892.5599999999998,0.98,1.68
Sid Meier's Civilization VI,20219781,574140,2967,81942,27909,832,2646.16,0.09,0.25
Silent Hill,170483,12977,11,269,229,1,131.34,0.71,1.6
Silent Hill 2,432855,73385,33,845,581,6,196.23,0.62,1.28
Silent Hill 3,144668,14487,14,160,194,1,141.42,0.35,0.71
Silent Hill 4: The Room,289431,130761,8,53,389,0,981.12,0.39,0.69
Silent Hill: Downpour,213046,11346,7,46,286,0,651.52,0.43,0.78
Sly Cooper and the Thievius Raccoonus,297707,151385,13,77,400,0,664.52,1.03,1.21
Sonic Advance,185057,110213,19,44,249,0,2177.14,1.19,2.24
Sonic Advance 2,259550,159885,11,24,349,0,3993.08,0.93,1.8
Sonic Advance 3,356218,148483,12,19,479,0,8688.24,0.74,1.4
Sonic the Hedgehog,249214,134611,18,375,335,1,259.6,3.88,7.02
South Park: The Stick of Truth,1535053,86849,218,10456,2092,50,278.68,1.08,2.0300000000000002
Splatoon,1098018,149457,499,8796,1504,114,75.99,1.54,4.43
Spyro: Year of the Dragon,431025,307742,26,245,579,0,631.44,1.93,3.71
Star Wars: Knights of the Old Republic,637764,122716,25,851,857,6,339.84,1.69,2.33
Star Wars: The Old Republic,838029,12326,339,7867,1137,113,49.5,1.58,2.96
StarCraft,34849012,1276991,1715,46354,47719,681,2517.62,0.0,0.05
Stellaris,4442289,86187,1102,19476,6077,210,236.21,0.0,0.04
Street Fighter V,146468884,3742099,8600,306355,200509,3251,4208.710000000001,0.4,0.96
Super Castlevania IV,230865,158385,14,92,310,0,519.97,0.32,0.63
Super Mario 3D World,1586503,188100,344,5283,2284,39,785.6400000000001,2.11,4.32
Super Mario 64,57324202,2084409,4266,144805,78642,1665,2919.380000000001,11.92,22.19
Super Mario Bros.,488591,373772,26,580,656,2,419.54,32.48,45.31
Super Mario Bros. 3,2131189,716803,137,3011,2891,15,1347.73,12.469999999999999,22.48
Super Mario Galaxy,1069021,292191,47,467,1437,4,1085.17,6.06,11.35
Super Mario Galaxy 2,1477969,330288,49,487,2024,3,1819.2399999999998,3.56,7.51
Super Mario Maker,47905229,984550,1951,40113,65746,756,3544.7500000000005,1.18,3.21
Super Mario RPG: Legend of the Seven Stars,1264439,291480,60,980,1708,6,823.75,0.66,2.14
Super Mario Sunshine,6525112,758148,654,17741,8912,156,1345.1200000000003,4.01,6.31
Super Mario World,25872115,1682580,2265,67560,35524,742,2314.76,15.989999999999998,26.07
Super Mario World 2: Yoshi's Island,342177,145421,12,251,460,1,286.82,3.4,7.03
Super Metroid,5557763,1322069,511,9677,7540,120,1080.3500000000001,0.57,1.42
Super Monkey Ball,241350,148741,11,65,324,0,776.05,0.95,1.46
Super Monkey Ball Deluxe,289399,182262,14,32,389,0,1879.21,0.22999999999999998,0.39
Super Monkey Ball: Banana Blitz,200365,146882,14,26,269,0,7420.93,1.05,2.24
Super Smash Bros. Melee,73911771,3564598,4232,144917,101234,1324,5310.64,4.41,7.07
Sword Art Online: Hollow Realization,458661,15679,143,2291,627,28,115.23,0.06,0.33999999999999997
TERA,1602130,39750,987,32206,2206,313,68.57000000000001,0.25,0.42
TMNT,198228,132708,17,61,266,0,1468.36,0.91,1.07
Tales of Berseria,544953,14395,119,2710,782,38,86.30000000000001,0.0,0.35
Tales of Vesperia,573839,8935,211,2439,772,42,18.13,0.32,1.19
Terraria,56462832,1454084,12825,468495,77331,4329,871.1500000000002,0.42,1.5500000000000005
Tetris,2109225,76013,224,8380,3098,41,123.78,26.169999999999998,35.84
The Elder Scrolls III: Morrowind,539122,146352,11,294,725,2,296.38,2.09,2.86
The Elder Scrolls IV: Oblivion,2582965,232682,139,4742,3487,42,552.55,4.52,7.73
The Elder Scrolls Online,101134080,1488555,12154,445220,138552,6044,1311.7199999999996,1.7700000000000002,3.93
The Elder Scrolls V: Skyrim,58872153,1439007,13451,667830,80718,6804,818.8599999999999,9.65,21.149999999999995
The Evil Within,2716347,76432,425,18576,3672,136,201.24,1.5100000000000002,4.029999999999999
The King of Fighters XIV,891774,45580,162,4166,1220,26,186.96000000000004,0.07,0.15
The Last of Us,20820550,572734,4975,173463,28614,1980,522.6700000000001,4.29,10.58
The Legend of Zelda,535382,162264,22,308,720,3,224.1,3.74,6.51
The Legend of Zelda: A Link Between Worlds,778026,279545,23,102,1071,0,2444.3199999999997,1.4,3.1
The Legend of Zelda: A Link to the Past,24307598,1657125,5038,75743,33240,1362,1410.6000000000004,4.17,7.3100000000000005
The Legend of Zelda: Four Swords Adventures,720821,259265,23,75,988,0,4161.1,0.63,0.81
The Legend of Zelda: Link's Awakening,3888435,303466,1241,15035,5346,155,133.18,2.21,3.83
The Legend of Zelda: Link's Awakening DX,271063,151642,13,110,364,0,403.97,1.0,2.22
The Legend of Zelda: Majora's Mask,11470921,809801,798,16214,15841,215,2308.82,1.9,3.36
The Legend of Zelda: Majora's Mask 3D,357518,153067,11,61,497,0,1015.68,1.15,2.34
The Legend of Zelda: Ocarina of Time,46506200,1549073,6513,113583,63869,1866,2551.3199999999997,6.1899999999999995,11.93
The Legend of Zelda: Oracle of Ages,234228,94932,8,37,315,0,1286.97,0.92,1.92
The Legend of Zelda: Oracle of Seasons,306749,121147,13,80,426,0,608.63,0.87,1.86
The Legend of Zelda: Skyward Sword,1266097,278448,55,626,1754,9,759.3399999999999,2.03,3.95
The Legend of Zelda: The Minish Cap,753620,289656,25,354,1032,2,724.73,0.89,1.42
The Legend of Zelda: The Wind Waker,974874,77323,56,1674,1357,14,350.83000000000004,3.52,6.39
The Legend of Zelda: Twilight Princess,801590,168699,22,402,1078,3,271.91,4.890000000000001,8.74
The Legend of Zelda: Twilight Princess HD,1734297,159996,284,3315,2378,46,623.24,0.56,1.03
The Movies,1628665,49930,108,2121,2192,50,43.33,0.01,0.04
The Simpsons: Hit & Run,294500,125675,16,198,409,1,291.87,3.1999999999999997,7.040000000000001
The Sims 4,58532997,1453529,9292,505169,80433,3927,1348.99,1.0,3.05
The Walking Dead: Season One,1029492,51833,133,5354,1418,38,164.92999999999998,1.2500000000000002,2.28
The Walking Dead: Season Two,201775,18345,34,125,271,7,34.38,0.38,0.78
The Witcher,1453465,45777,157,5121,1970,47,185.29,0.0,0.06
The Witcher 2: Assassins of Kings,805120,36417,60,1739,1095,17,156.76,0.73,1.8599999999999999
The Witcher 3: Wild Hunt,59527717,942575,12459,556125,81655,5368,891.3,1.92,6.0
This War of Mine,257056,17603,29,1419,357,8,44.08,0.0,0.02
Titanfall 2,4347787,279127,1369,76896,5925,288,184.89999999999998,0.74,1.4
Tom Clancy's The Division,69822668,761456,21534,739693,95274,7118,433.59000000000015,2.8600000000000003,6.37
Tomb Raider II,261718,17637,12,126,352,1,278.13,3.21,7.53
Tony Hawk's Pro Skater,211450,111383,10,37,284,0,1329.87,6.0,8.459999999999999
TrackMania Turbo,720071,52866,200,5109,980,27,72.05,0.05,0.42
Transformers: Devastation,268643,126800,12,322,361,1,299.82,0.28,0.56
Transport Fever,355060,6818,58,565,493,8,55.77,0.0,0.04
Trauma Center: New Blood,242274,138690,17,28,326,0,4404.98,0.22,0.29
Trauma Center: Under the Knife 2,324408,119012,8,12,436,0,5593.24,0.1,0.11
Trials Fusion,696699,166026,70,3013,960,17,160.97,0.25,0.69
Tropico 5,179152,9216,8,348,241,1,142.41,0.11,0.49
Ultimate Marvel vs. Capcom 3,2147706,377839,317,5735,2943,32,1803.5,0.17,0.45
Ultra Street Fighter IV,556389,41072,81,4203,760,24,148.35,0.0,0.1
Uncharted 2: Among Thieves,112048,6533,7,158,150,1,120.35,3.27,6.66
Uncharted 4: A Thief's End,6866991,163775,1610,86847,9300,569,93.97999999999999,1.85,5.38
Uncharted: The Nathan Drake Collection,313718,28859,57,8294,426,13,63.41,2.07,4.62
Until Dawn,4383387,323850,425,42901,5959,64,1454.89,0.45,1.66
Vanquish,202305,39075,89,999,272,4,65.81,0.4,1.03
WWE 2K16,1250882,70140,694,39809,1713,255,47.150000000000006,1.22,2.7399999999999998
WWE 2K17,1318507,59720,568,19341,1861,158,57.019999999999996,0.39,1.11
Wasteland 2,506126,22327,10,134,728,2,265.54,0.15,0.26
Watch Dogs 2,4067421,86501,460,31728,5622,109,164.6,0.54,1.4899999999999998
Wolfenstein: The New Order,959749,141019,129,6371,1297,32,232.13,1.26,3.5
World of Final Fantasy,876685,13643,389,6312,1204,74,32.06,0.12,0.54
World of Tanks,259853126,2179098,26110,680561,356481,11759,2002.220000000001,0.0,0.31999999999999995
World of Warcraft,1644337720,10861829,261839,3628667,2254492,75850,1883.7100000000007,0.08,6.29
Worms Armageddon,151017,13825,5,71,203,0,333.37,0.21,1.1
XCOM 2,14607202,202321,1644,35646,20467,433,616.2099999999999,0.15,0.42
Yakuza,2500732,38333,128,800,3413,24,242.92000000000002,0.03,0.91
Yakuza 3,723712,14737,50,201,974,5,192.94,0.21,1.12
Yakuza 4,573512,24452,28,135,771,2,274.54,0.15,0.95
Yakuza 5,1980204,58636,75,435,2705,10,692.0799999999999,0.0,0.59
Yakuza Kiwami,1833284,72869,137,2514,2534,27,1766.0200000000002,0.0,0.28
Ys VIII: Lacrimosa of Dana,202881,5146,22,143,282,4,67.72,0.0,0.09
Yu-Gi-Oh! Forbidden Memories,343855,2839,49,257,462,5,81.85,1.37,1.88
Zelda II: The Adventure of Link,181560,94715,12,100,244,1,243.05,2.19,4.38
Zero Escape: Zero Time Dilemma,321911,17601,27,401,433,5,85.73,0.08,0.14
